run_id,symbol,trigger_name,trigger_params,filter_name,filter_params,timeframe,start_date,end_date,total_trades,win_rate,annual_return,sharpe_ratio,sortino_ratio,max_drawdown,calmar_ratio,gain_to_pain_ratio,irr_annualized,irr_daily,avg_daily_return,max_consecutive_wins,max_consecutive_losses,max_drawdown_duration,num_days,net_pnl,starting_balance,ending_balance,status,error_msg,elapsed_seconds,timestamp
37032,BTC,wma_cross_up,"{""window_fast"": 22, ""window_slow"": 100}",mfi_oversold,"{""window"": 10, ""threshold"": 23}",1d,2022-08-01,2026-02-15,0,0.0,0.0,0.0,0.0,0.0,0.0,0.0,-0.0,-0.0,0.0,0,0,55,55,0.0,10000.0,10000.0,no_trades,,13.7,2026-02-24T19:45:33.291096
37033,BTC,wma_cross_up,"{""window_fast"": 22, ""window_slow"": 100}",mfi_oversold,"{""window"": 19, ""threshold"": 9}",1d,2022-08-01,2026-02-15,0,0.0,0.0,0.0,0.0,0.0,0.0,0.0,-0.0,-0.0,0.0,0,0,55,55,0.0,10000.0,10000.0,no_trades,,14.31,2026-02-24T19:45:46.993795
37034,BTC,wma_cross_up,"{""window_fast"": 22, ""window_slow"": 100}",mfi_oversold,"{""window"": 23, ""threshold"": 9}",1d,2022-08-01,2026-02-15,0,0.0,0.0,0.0,0.0,0.0,0.0,0.0,-0.0,-0.0,0.0,0,0,55,55,0.0,10000.0,10000.0,no_trades,,15.47,2026-02-24T19:46:01.304142
37035,BTC,wma_cross_up,"{""window_fast"": 22, ""window_slow"": 100}",nvi_bearish,"{""window"": 255}",1d,2022-08-01,2026-02-15,2,1.0,41.1279,3.5061,0.0,0.0,0.0,999999999999.99,50.1445,0.111412,0.111145,2,0,30,55,619.74,10000.0,10619.7358105464,ok,,58.59,2026-02-24T19:46:16.778616
37036,BTC,wma_cross_up,"{""window_fast"": 22, ""window_slow"": 100}",nvi_bearish,"{""window"": 121}",1d,2022-08-01,2026-02-15,4,0.75,45.5691,3.4086,0.0,1.3801,33.0175,5.9752,56.6571,0.123059,0.123114,3,1,19,55,686.66,10000.0,10686.6581865948,ok,,21.32,2026-02-24T19:47:15.371041
37037,BTC,wma_cross_up,"{""window_fast"": 22, ""window_slow"": 100}",nvi_bearish,"{""window"": 184}",1d,2022-08-01,2026-02-15,3,1.0,56.1876,4.3152,0.0,0.0,0.0,999999999999.99,73.211,0.150618,0.149996,3,0,30,55,846.66,10000.0,10846.6619569586,ok,,39.72,2026-02-24T19:47:36.690937
37038,BTC,wma_cross_up,"{""window_fast"": 22, ""window_slow"": 100}",nvi_bearish,"{""window"": 247}",1d,2022-08-01,2026-02-15,2,1.0,41.1279,3.5061,0.0,0.0,0.0,999999999999.99,50.1445,0.111412,0.111145,2,0,30,55,619.74,10000.0,10619.7358105464,ok,,56.65,2026-02-24T19:48:16.409994
37039,BTC,wma_cross_up,"{""window_fast"": 22, ""window_slow"": 100}",nvi_bearish,"{""window"": 268}",1d,2022-08-01,2026-02-15,2,1.0,41.1279,3.5061,0.0,0.0,0.0,999999999999.99,50.1445,0.111412,0.111145,2,0,30,55,619.74,10000.0,10619.7358105464,ok,,58.75,2026-02-24T19:49:13.064583
37040,BTC,wma_cross_up,"{""window_fast"": 22, ""window_slow"": 100}",nvi_bullish,"{""window"": 255}",1d,2022-08-01,2026-02-15,8,0.25,-25.3552,-1.9344,-1.3129,4.6288,-5.4777,0.514,-23.1496,-0.072114,-0.06854,2,3,43,55,-382.06,10000.0,9617.93541075665,ok,,55.36,2026-02-24T19:50:11.811829
37041,BTC,wma_cross_up,"{""window_fast"": 22, ""window_slow"": 100}",nvi_bullish,"{""window"": 142}",1d,2022-08-01,2026-02-15,8,0.25,-24.7398,-1.868,-1.2787,5.7421,-4.3085,0.5302,-22.6474,-0.07033,-0.066751,1,3,46,55,-372.79,10000.0,9627.20855571205,ok,,25.25,2026-02-24T19:51:07.170662
37042,BTC,wma_cross_up,"{""window_fast"": 22, ""window_slow"": 100}",nvi_bullish,"{""window"": 163}",1d,2022-08-01,2026-02-15,7,0.1429,-38.1063,-3.296,-2.0229,5.7421,-6.6364,0.2608,-32.9485,-0.109449,-0.105603,1,3,55,55,-574.21,10000.0,9425.794992219002,ok,,34.06,2026-02-24T19:51:32.425602
37043,BTC,wma_cross_up,"{""window_fast"": 22, ""window_slow"": 100}",nvi_bullish,"{""window"": 289}",1d,2022-08-01,2026-02-15,8,0.25,-25.3552,-1.9344,-1.3129,4.6288,-5.4777,0.514,-23.1496,-0.072114,-0.06854,2,3,43,55,-382.06,10000.0,9617.93541075665,ok,,65.32,2026-02-24T19:52:06.483376
37044,BTC,wma_cross_up,"{""window_fast"": 22, ""window_slow"": 100}",nvi_bullish,"{""window"": 311}",1d,2022-08-01,2026-02-15,8,0.25,-25.3552,-1.9344,-1.3129,4.6288,-5.4777,0.514,-23.1496,-0.072114,-0.06854,2,3,43,55,-382.06,10000.0,9617.93541075665,ok,,71.66,2026-02-24T19:53:11.799084
37045,BTC,wma_cross_up,"{""window_fast"": 22, ""window_slow"": 100}",obv_bearish,"{""window"": 20}",1d,2022-08-01,2026-02-15,3,0.3333,6.8906,0.6436,4.8987,1.4937,4.6132,1.3565,7.2316,0.019131,0.020582,1,1,35,55,103.83,10000.0,10103.8315091042,ok,,14.53,2026-02-24T19:54:23.458462
37046,BTC,wma_cross_up,"{""window_fast"": 22, ""window_slow"": 100}",obv_bearish,"{""window"": 5}",1d,2022-08-01,2026-02-15,4,0.25,-14.8688,-1.7366,-13.4843,2.918,-5.0955,0.4812,-14.2011,-0.041954,-0.04023,1,2,30,55,-224.05,10000.0,9775.95010843705,ok,,15.16,2026-02-24T19:54:37.984300
37047,BTC,wma_cross_up,"{""window_fast"": 22, ""window_slow"": 100}",obv_bearish,"{""window"": 12}",1d,2022-08-01,2026-02-15,2,0.0,-18.7733,-3.6755,-15.7553,2.8289,-6.6364,0.0,-17.6315,-0.053127,-0.051802,0,2,55,55,-282.89,10000.0,9717.114001733,ok,,15.7,2026-02-24T19:54:53.142769
37048,BTC,wma_cross_up,"{""window_fast"": 22, ""window_slow"": 100}",obv_bearish,"{""window"": 29}",1d,2022-08-01,2026-02-15,3,0.3333,-5.3501,-0.6687,-3.3178,1.4937,-3.5819,0.7205,-5.3243,-0.014989,-0.01394,1,1,30,55,-80.62,10000.0,9919.3817466765,ok,,13.77,2026-02-24T19:55:08.847270
37049,BTC,wma_cross_up,"{""window_fast"": 22, ""window_slow"": 100}",obv_bearish,"{""window"": 50}",1d,2022-08-01,2026-02-15,4,0.25,-1.3133,-0.0502,-0.2864,2.6989,-0.4866,0.9523,-1.3301,-0.003668,-0.001665,1,2,35,55,-19.79,10000.0,9980.2100789578,ok,,12.29,2026-02-24T19:55:22.617772
37050,BTC,wma_cross_up,"{""window_fast"": 22, ""window_slow"": 100}",obv_bullish,"{""window"": 20}",1d,2022-08-01,2026-02-15,9,0.4444,12.1141,0.8921,0.5943,4.6288,2.6171,1.2712,13.0062,0.033505,0.035781,2,3,15,55,182.54,10000.0,10182.541898047699,ok,,13.22,2026-02-24T19:55:34.909390
37051,BTC,wma_cross_up,"{""window_fast"": 22, ""window_slow"": 100}",obv_bullish,"{""window"": 12}",1d,2022-08-01,2026-02-15,10,0.5,39.0074,2.2091,1.7979,3.2069,12.1636,1.8468,47.1172,0.105826,0.108165,2,2,18,55,587.78,10000.0,10587.78225551785,ok,,16.5,2026-02-24T19:55:48.131313
37052,BTC,wma_cross_up,"{""window_fast"": 22, ""window_slow"": 100}",obv_bullish,"{""window"": 26}",1d,2022-08-01,2026-02-15,9,0.4444,24.6796,1.5032,1.1676,4.6288,5.3318,1.5431,27.993,0.067641,0.070302,2,3,15,55,371.89,10000.0,10371.885083419455,ok,,13.84,2026-02-24T19:56:04.627194
37053,BTC,wma_cross_up,"{""window_fast"": 22, ""window_slow"": 100}",obv_bullish,"{""window"": 31}",1d,2022-08-01,2026-02-15,9,0.4444,24.6796,1.5032,1.1676,4.6288,5.3318,1.5431,27.993,0.067641,0.070302,2,3,15,55,371.89,10000.0,10371.885083419455,ok,,13.36,2026-02-24T19:56:18.464120
37054,BTC,wma_cross_up,"{""window_fast"": 22, ""window_slow"": 100}",obv_bullish,"{""window"": 33}",1d,2022-08-01,2026-02-15,9,0.4444,24.6796,1.5032,1.1676,4.6288,5.3318,1.5431,27.993,0.067641,0.070302,2,3,15,55,371.89,10000.0,10371.885083419455,ok,,14.63,2026-02-24T19:56:31.826815
37055,BTC,wma_cross_up,"{""window_fast"": 22, ""window_slow"": 100}",price_above_ema,"{""window"": 20}",1d,2022-08-01,2026-02-15,12,0.4167,19.1306,1.0996,1.2021,4.6288,4.133,1.2954,21.1783,0.052642,0.056362,2,3,18,55,288.27,10000.0,10288.2686815614,ok,,14.73,2026-02-24T19:56:46.461586
37056,BTC,wma_cross_up,"{""window_fast"": 22, ""window_slow"": 100}",price_above_ema,"{""window"": 75}",1d,2022-08-01,2026-02-15,11,0.4545,28.6856,1.6223,1.5603,4.6288,6.1972,1.5087,33.1133,0.078395,0.081456,2,3,18,55,432.25,10000.0,10432.249371474849,ok,,16.17,2026-02-24T19:57:01.189736
37057,BTC,wma_cross_up,"{""window_fast"": 22, ""window_slow"": 100}",price_above_ema,"{""window"": 96}",1d,2022-08-01,2026-02-15,10,0.5,39.0074,2.2091,1.7979,3.2069,12.1636,1.8468,47.1172,0.105826,0.108165,2,2,18,55,587.78,10000.0,10587.78225551785,ok,,15.19,2026-02-24T19:57:17.357997
37058,BTC,wma_cross_up,"{""window_fast"": 22, ""window_slow"": 100}",price_above_ema,"{""window"": 137}",1d,2022-08-01,2026-02-15,10,0.5,39.0074,2.2091,1.7979,3.2069,12.1636,1.8468,47.1172,0.105826,0.108165,2,2,18,55,587.78,10000.0,10587.78225551785,ok,,27.46,2026-02-24T19:57:32.545427
37059,BTC,wma_cross_up,"{""window_fast"": 22, ""window_slow"": 100}",price_above_ema,"{""window"": 148}",1d,2022-08-01,2026-02-15,10,0.5,39.0074,2.2091,1.7979,3.2069,12.1636,1.8468,47.1172,0.105826,0.108165,2,2,18,55,587.78,10000.0,10587.78225551785,ok,,29.62,2026-02-24T19:58:00.006615
37060,BTC,wma_cross_up,"{""window_fast"": 22, ""window_slow"": 100}",psar_bearish,"{""step"": 0.02, ""max_step"": 0.2}",1d,2022-08-01,2026-02-15,3,0.6667,32.3307,2.6709,0.0,1.2483,25.9007,4.6751,37.9228,0.088128,0.088449,2,1,30,55,487.17,10000.0,10487.174557621001,ok,,13.34,2026-02-24T19:58:29.627016
37061,BTC,wma_cross_up,"{""window_fast"": 22, ""window_slow"": 100}",psar_bearish,"{""step"": 0.0289, ""max_step"": 0.4368}",1d,2022-08-01,2026-02-15,5,0.6,23.1223,2.1636,26.203,1.446,15.9908,2.2021,26.0483,0.063443,0.063837,3,1,19,55,348.42,10000.0,10348.418448935501,ok,,13.18,2026-02-24T19:58:42.966918
37062,BTC,wma_cross_up,"{""window_fast"": 22, ""window_slow"": 100}",psar_bearish,"{""step"": 0.0621, ""max_step"": 0.1421}",1d,2022-08-01,2026-02-15,2,0.5,4.6316,0.7373,0.0,1.3801,3.3558,1.5057,4.8132,0.01288,0.013218,1,1,30,55,69.79,10000.0,10069.790843597,ok,,11.8,2026-02-24T19:58:56.141986
37063,BTC,wma_cross_up,"{""window_fast"": 22, ""window_slow"": 100}",psar_bearish,"{""step"": 0.0668, ""max_step"": 0.1421}",1d,2022-08-01,2026-02-15,3,0.6667,31.4011,2.5766,0.0,1.3801,22.752,4.4284,36.6825,0.08565,0.086051,2,1,30,55,473.17,10000.0,10473.1675893122,ok,,13.57,2026-02-24T19:59:07.946283
37064,BTC,wma_cross_up,"{""window_fast"": 22, ""window_slow"": 100}",psar_bearish,"{""step"": 0.0858, ""max_step"": 0.1632}",1d,2022-08-01,2026-02-15,3,0.6667,31.4011,2.5766,0.0,1.3801,22.752,4.4284,36.6825,0.08565,0.086051,2,1,30,55,473.17,10000.0,10473.1675893122,ok,,15.45,2026-02-24T19:59:21.514813
37065,BTC,wma_cross_up,"{""window_fast"": 22, ""window_slow"": 100}",psar_bullish,"{""step"": 0.02, ""max_step"": 0.2}",1d,2022-08-01,2026-02-15,9,0.3333,-12.5869,-0.8244,-0.6204,4.6288,-2.7193,0.7666,-12.1405,-0.035454,-0.032087,2,3,26,55,-189.67,10000.0,9810.334252491952,ok,,14.26,2026-02-24T19:59:36.967743
37066,BTC,wma_cross_up,"{""window_fast"": 22, ""window_slow"": 100}",psar_bullish,"{""step"": 0.01, ""max_step"": 0.3526}",1d,2022-08-01,2026-02-15,9,0.2222,-22.3719,-1.3338,-1.2553,5.3348,-4.1935,0.6385,-20.6888,-0.063484,-0.058859,1,3,35,55,-337.11,10000.0,9662.889900136597,ok,,14.53,2026-02-24T19:59:51.229954
37067,BTC,wma_cross_up,"{""window_fast"": 22, ""window_slow"": 100}",psar_bullish,"{""step"": 0.0195, ""max_step"": 0.3105}",1d,2022-08-01,2026-02-15,7,0.1429,-39.2767,-3.3952,-2.1075,5.9184,-6.6364,0.2498,-33.7919,-0.112914,-0.108996,1,3,55,55,-591.84,10000.0,9408.15901892035,ok,,15.75,2026-02-24T20:00:05.759285
37068,BTC,wma_cross_up,"{""window_fast"": 22, ""window_slow"": 100}",psar_bullish,"{""step"": 0.0195, ""max_step"": 0.3737}",1d,2022-08-01,2026-02-15,7,0.1429,-39.2767,-3.3952,-2.1075,5.9184,-6.6364,0.2498,-33.7919,-0.112914,-0.108996,1,3,55,55,-591.84,10000.0,9408.15901892035,ok,,13.59,2026-02-24T20:00:21.510447
37069,BTC,wma_cross_up,"{""window_fast"": 22, ""window_slow"": 100}",psar_bullish,"{""step"": 0.0526, ""max_step"": 0.3737}",1d,2022-08-01,2026-02-15,9,0.3333,-11.7162,-0.7671,-0.5687,4.6288,-2.5312,0.7801,-11.3432,-0.03298,-0.029688,2,3,34,55,-176.55,10000.0,9823.454770028551,ok,,15.08,2026-02-24T20:00:35.097710
37070,BTC,wma_cross_up,"{""window_fast"": 22, ""window_slow"": 100}",roc_negative,"{""window"": 12, ""threshold"": 0}",1d,2022-08-01,2026-02-15,0,0.0,0.0,0.0,0.0,0.0,0.0,0.0,-0.0,-0.0,0.0,0,0,55,55,0.0,10000.0,10000.0,no_trades,,15.44,2026-02-24T20:00:50.179442
37071,BTC,wma_cross_up,"{""window_fast"": 22, ""window_slow"": 100}",roc_negative,"{""window"": 1, ""threshold"": -9}",1d,2022-08-01,2026-02-15,0,0.0,0.0,0.0,0.0,0.0,0.0,0.0,-0.0,-0.0,0.0,0,0,55,55,0.0,10000.0,10000.0,no_trades,,16.29,2026-02-24T20:01:05.617141
37072,BTC,wma_cross_up,"{""window_fast"": 22, ""window_slow"": 100}",roc_negative,"{""window"": 14, ""threshold"": 0}",1d,2022-08-01,2026-02-15,0,0.0,0.0,0.0,0.0,0.0,0.0,0.0,-0.0,-0.0,0.0,0,0,55,55,0.0,10000.0,10000.0,no_trades,,14.81,2026-02-24T20:01:21.909828
37073,BTC,wma_cross_up,"{""window_fast"": 22, ""window_slow"": 100}",roc_negative,"{""window"": 16, ""threshold"": -9}",1d,2022-08-01,2026-02-15,0,0.0,0.0,0.0,0.0,0.0,0.0,0.0,-0.0,-0.0,0.0,0,0,55,55,0.0,10000.0,10000.0,no_trades,,14.18,2026-02-24T20:01:36.723679
37074,BTC,wma_cross_up,"{""window_fast"": 22, ""window_slow"": 100}",roc_negative,"{""window"": 40, ""threshold"": 10}",1d,2022-08-01,2026-02-15,9,0.3333,-5.3251,-0.2304,-0.2523,5.2841,-1.0078,0.9113,-5.3,-0.014918,-0.01076,2,3,30,55,-80.24,10000.0,9919.758970978903,ok,,13.69,2026-02-24T20:01:50.903785
37075,BTC,wma_cross_up,"{""window_fast"": 22, ""window_slow"": 100}",roc_positive,"{""window"": 12, ""threshold"": 0}",1d,2022-08-01,2026-02-15,12,0.4167,19.1306,1.0996,1.2021,4.6288,4.133,1.2954,21.1783,0.052642,0.056362,2,3,18,55,288.27,10000.0,10288.2686815614,ok,,13.62,2026-02-24T20:02:04.595578
37076,BTC,wma_cross_up,"{""window_fast"": 22, ""window_slow"": 100}",roc_positive,"{""window"": 24, ""threshold"": 8}",1d,2022-08-01,2026-02-15,7,0.2857,-15.7135,-1.3874,-1.6247,4.4104,-3.5628,0.6368,-14.9534,-0.044366,-0.041926,1,3,46,55,-236.78,10000.0,9763.22076527345,ok,,14.18,2026-02-24T20:02:18.216968
37077,BTC,wma_cross_up,"{""window_fast"": 22, ""window_slow"": 100}",roc_positive,"{""window"": 27, ""threshold"": 9}",1d,2022-08-01,2026-02-15,5,0.6,34.0317,2.4377,4.6944,1.7868,19.0466,2.5834,40.2175,0.092652,0.093565,2,1,23,55,512.81,10000.0,10512.8065196299,ok,,12.52,2026-02-24T20:02:32.393190
37078,BTC,wma_cross_up,"{""window_fast"": 22, ""window_slow"": 100}",roc_positive,"{""window"": 42, ""threshold"": 4}",1d,2022-08-01,2026-02-15,8,0.5,33.8457,2.1883,3.2042,3.2295,10.4802,1.9489,39.965,0.092158,0.093725,3,2,15,55,510.0,10000.0,10510.00399407305,ok,,15.38,2026-02-24T20:02:44.911975
37079,BTC,wma_cross_up,"{""window_fast"": 22, ""window_slow"": 100}",roc_positive,"{""window"": 47, ""threshold"": -1}",1d,2022-08-01,2026-02-15,11,0.4545,27.761,1.5688,1.5286,4.6288,5.9975,1.4913,31.9162,0.075918,0.079058,2,3,11,55,418.32,10000.0,10418.315722536252,ok,,14.43,2026-02-24T20:03:00.291123
37080,BTC,wma_cross_up,"{""window_fast"": 22, ""window_slow"": 100}",rsi_overbought,"{""window"": 14, ""threshold"": 70}",1d,2022-08-01,2026-02-15,2,0.5,10.9033,1.9363,0.0,0.4835,22.549,4.3267,11.6445,0.030183,0.03006,1,1,46,55,164.3,10000.0,10164.2963747244,ok,,14.97,2026-02-24T20:03:14.718716
37081,BTC,wma_cross_up,"{""window_fast"": 22, ""window_slow"": 100}",rsi_overbought,"{""window"": 33, ""threshold"": 63}",1d,2022-08-01,2026-02-15,1,1.0,14.1808,2.5761,0.0,0.0,0.0,999999999999.99,15.3629,0.039162,0.038852,1,0,46,55,213.68,10000.0,10213.6834058398,ok,,16.15,2026-02-24T20:03:29.690075
37082,BTC,wma_cross_up,"{""window_fast"": 22, ""window_slow"": 100}",rsi_overbought,"{""window"": 43, ""threshold"": 61}",1d,2022-08-01,2026-02-15,1,1.0,14.1808,2.5761,0.0,0.0,0.0,999999999999.99,15.3629,0.039162,0.038852,1,0,46,55,213.68,10000.0,10213.6834058398,ok,,15.25,2026-02-24T20:03:45.837368
37083,BTC,wma_cross_up,"{""window_fast"": 22, ""window_slow"": 100}",rsi_overbought,"{""window"": 64, ""threshold"": 58}",1d,2022-08-01,2026-02-15,0,0.0,0.0,0.0,0.0,0.0,0.0,0.0,-0.0,-0.0,0.0,0,0,55,55,0.0,10000.0,10000.0,no_trades,,16.0,2026-02-24T20:04:01.091503
37084,BTC,wma_cross_up,"{""window_fast"": 22, ""window_slow"": 100}",rsi_overbought,"{""window"": 95, ""threshold"": 53}",1d,2022-08-01,2026-02-15,5,0.4,2.7066,0.32,0.2439,3.2537,0.8318,1.1054,2.7893,0.007537,0.008727,1,2,30,55,40.78,10000.0,10040.783732869699,ok,,15.04,2026-02-24T20:04:17.089125
37085,BTC,wma_cross_up,"{""window_fast"": 22, ""window_slow"": 100}",rsi_oversold,"{""window"": 14, ""threshold"": 30}",1d,2022-08-01,2026-02-15,0,0.0,0.0,0.0,0.0,0.0,0.0,0.0,-0.0,-0.0,0.0,0,0,55,55,0.0,10000.0,10000.0,no_trades,,13.86,2026-02-24T20:04:32.128095
37086,BTC,wma_cross_up,"{""window_fast"": 22, ""window_slow"": 100}",rsi_oversold,"{""window"": 14, ""threshold"": 39}",1d,2022-08-01,2026-02-15,0,0.0,0.0,0.0,0.0,0.0,0.0,0.0,-0.0,-0.0,0.0,0,0,55,55,0.0,10000.0,10000.0,no_trades,,17.03,2026-02-24T20:04:45.993011
37087,BTC,wma_cross_up,"{""window_fast"": 22, ""window_slow"": 100}",rsi_oversold,"{""window"": 17, ""threshold"": 26}",1d,2022-08-01,2026-02-15,0,0.0,0.0,0.0,0.0,0.0,0.0,0.0,-0.0,-0.0,0.0,0,0,55,55,0.0,10000.0,10000.0,no_trades,,14.81,2026-02-24T20:05:03.023040
37088,BTC,wma_cross_up,"{""window_fast"": 22, ""window_slow"": 100}",rsi_oversold,"{""window"": 43, ""threshold"": 24}",1d,2022-08-01,2026-02-15,0,0.0,0.0,0.0,0.0,0.0,0.0,0.0,-0.0,-0.0,0.0,0,0,55,55,0.0,10000.0,10000.0,no_trades,,15.32,2026-02-24T20:05:17.831061
37089,BTC,wma_cross_up,"{""window_fast"": 22, ""window_slow"": 100}",rsi_oversold,"{""window"": 90, ""threshold"": 29}",1d,2022-08-01,2026-02-15,0,0.0,0.0,0.0,0.0,0.0,0.0,0.0,-0.0,-0.0,0.0,0,0,55,55,0.0,10000.0,10000.0,no_trades,,11.13,2026-02-24T20:05:33.146437
37090,BTC,wma_cross_up,"{""window_fast"": 22, ""window_slow"": 100}",stc_overbought,"{""window_slow"": 50, ""window_fast"": 23, ""cycle"": 10, ""smooth1"": 3, ""smooth2"": 3, ""threshold"": 75.0}",1d,2022-08-01,2026-02-15,11,0.4545,31.5519,1.8848,4.3594,2.8937,10.9036,1.6028,36.883,0.086052,0.088379,2,2,18,55,475.44,10000.0,10475.439901977701,ok,,9.86,2026-02-24T20:05:44.276048
37091,BTC,wma_cross_up,"{""window_fast"": 22, ""window_slow"": 100}",stc_overbought,"{""window_slow"": 264, ""window_fast"": 81, ""cycle"": 211, ""smooth1"": 369, ""smooth2"": 159, ""threshold"": 100.0}",1d,2022-08-01,2026-02-15,0,0.0,0.0,0.0,0.0,0.0,0.0,0.0,-0.0,-0.0,0.0,0,0,55,55,0.0,10000.0,10000.0,no_trades,,41.35,2026-02-24T20:05:54.140186
37092,BTC,wma_cross_up,"{""window_fast"": 22, ""window_slow"": 100}",stc_overbought,"{""window_slow"": 500, ""window_fast"": 159, ""cycle"": 1, ""smooth1"": 106, ""smooth2"": 737, ""threshold"": 84.2105}",1d,2022-08-01,2026-02-15,0,0.0,0.0,0.0,0.0,0.0,0.0,0.0,-0.0,-0.0,0.0,0,0,55,55,0.0,10000.0,10000.0,no_trades,,78.17,2026-02-24T20:06:35.494867
37093,BTC,wma_cross_up,"{""window_fast"": 22, ""window_slow"": 100}",stc_overbought,"{""window_slow"": 500, ""window_fast"": 107, ""cycle"": 159, ""smooth1"": 316, ""smooth2"": 737, ""threshold"": 31.5789}",1d,2022-08-01,2026-02-15,0,0.0,0.0,0.0,0.0,0.0,0.0,0.0,-0.0,-0.0,0.0,0,0,55,55,0.0,10000.0,10000.0,no_trades,,78.72,2026-02-24T20:07:53.664659
37094,BTC,wma_cross_up,"{""window_fast"": 22, ""window_slow"": 100}",stc_overbought,"{""window_slow"": 317, ""window_fast"": 107, ""cycle"": 54, ""smooth1"": 54, ""smooth2"": 422, ""threshold"": 0.0}",1d,2022-08-01,2026-02-15,0,0.0,0.0,0.0,0.0,0.0,0.0,0.0,-0.0,-0.0,0.0,0,0,55,55,0.0,10000.0,10000.0,no_trades,,49.92,2026-02-24T20:09:12.387678
37095,BTC,wma_cross_up,"{""window_fast"": 22, ""window_slow"": 100}",stc_oversold,"{""window_slow"": 50, ""window_fast"": 23, ""cycle"": 10, ""smooth1"": 3, ""smooth2"": 3, ""threshold"": 25.0}",1d,2022-08-01,2026-02-15,0,0.0,0.0,0.0,0.0,0.0,0.0,0.0,-0.0,-0.0,0.0,0,0,55,55,0.0,10000.0,10000.0,no_trades,,9.8,2026-02-24T20:10:02.308532
37096,BTC,wma_cross_up,"{""window_fast"": 22, ""window_slow"": 100}",stc_oversold,"{""window_slow"": 50, ""window_fast"": 23, ""cycle"": 527, ""smooth1"": 211, ""smooth2"": 632, ""threshold"": 31.5789}",1d,2022-08-01,2026-02-15,0,0.0,0.0,0.0,0.0,0.0,0.0,0.0,-0.0,-0.0,0.0,0,0,55,55,0.0,10000.0,10000.0,no_trades,,9.75,2026-02-24T20:10:12.104568
37097,BTC,wma_cross_up,"{""window_fast"": 22, ""window_slow"": 100}",stc_oversold,"{""window_slow"": 290, ""window_fast"": 133, ""cycle"": 1000, ""smooth1"": 3, ""smooth2"": 264, ""threshold"": 31.5789}",1d,2022-08-01,2026-02-15,0,0.0,0.0,0.0,0.0,0.0,0.0,0.0,-0.0,-0.0,0.0,0,0,55,55,0.0,10000.0,10000.0,no_trades,,69.17,2026-02-24T20:10:21.856707
37098,BTC,wma_cross_up,"{""window_fast"": 22, ""window_slow"": 100}",stc_oversold,"{""window_slow"": 264, ""window_fast"": 2, ""cycle"": 369, ""smooth1"": 895, ""smooth2"": 895, ""threshold"": 21.0526}",1d,2022-08-01,2026-02-15,0,0.0,0.0,0.0,0.0,0.0,0.0,0.0,-0.0,-0.0,0.0,0,0,55,55,0.0,10000.0,10000.0,no_trades,,60.92,2026-02-24T20:11:31.031578
37099,BTC,wma_cross_up,"{""window_fast"": 22, ""window_slow"": 100}",stc_oversold,"{""window_slow"": 369, ""window_fast"": 133, ""cycle"": 737, ""smooth1"": 474, ""smooth2"": 264, ""threshold"": 100.0}",1d,2022-08-01,2026-02-15,0,0.0,0.0,0.0,0.0,0.0,0.0,0.0,-0.0,-0.0,0.0,0,0,55,55,0.0,10000.0,10000.0,no_trades,,87.92,2026-02-24T20:12:31.948696
37100,BTC,wma_cross_up,"{""window_fast"": 22, ""window_slow"": 100}",stoch_overbought,"{""window"": 14, ""smooth_window"": 3, ""threshold"": 80}",1d,2022-08-01,2026-02-15,7,0.5714,32.2512,2.6374,2.5763,1.7868,18.0501,2.3145,37.8163,0.087916,0.08831,2,1,15,55,485.98,10000.0,10485.97637428355,ok,,15.0,2026-02-24T20:13:59.871860
37101,BTC,wma_cross_up,"{""window_fast"": 22, ""window_slow"": 100}",stoch_overbought,"{""window"": 14, ""smooth_window"": 5, ""threshold"": 73}",1d,2022-08-01,2026-02-15,9,0.5556,49.3165,2.981,4.5854,2.7233,18.1092,2.3792,62.3379,0.132831,0.133986,2,2,18,55,743.13,10000.0,10743.125023044202,ok,,13.61,2026-02-24T20:14:14.868213
37102,BTC,wma_cross_up,"{""window_fast"": 22, ""window_slow"": 100}",stoch_overbought,"{""window"": 14, ""smooth_window"": 9, ""threshold"": 80}",1d,2022-08-01,2026-02-15,7,0.5714,32.2512,2.6374,2.5763,1.7868,18.0501,2.3145,37.8163,0.087916,0.08831,2,1,15,55,485.98,10000.0,10485.97637428355,ok,,14.63,2026-02-24T20:14:28.475812
37103,BTC,wma_cross_up,"{""window_fast"": 22, ""window_slow"": 100}",stoch_overbought,"{""window"": 19, ""smooth_window"": 10, ""threshold"": 73}",1d,2022-08-01,2026-02-15,11,0.4545,28.6856,1.6223,1.5603,4.6288,6.1972,1.5087,33.1133,0.078395,0.081456,2,3,18,55,432.25,10000.0,10432.249371474849,ok,,12.38,2026-02-24T20:14:43.105212
37104,BTC,wma_cross_up,"{""window_fast"": 22, ""window_slow"": 100}",stoch_overbought,"{""window"": 48, ""smooth_window"": 7, ""threshold"": 87}",1d,2022-08-01,2026-02-15,3,0.6667,15.6399,1.7741,0.0,1.7868,8.7532,2.2656,17.0519,0.043146,0.043428,2,1,34,55,235.67,10000.0,10235.670204652051,ok,,11.58,2026-02-24T20:14:55.484638
37105,BTC,wma_cross_up,"{""window_fast"": 22, ""window_slow"": 100}",stoch_oversold,"{""window"": 14, ""smooth_window"": 3, ""threshold"": 20}",1d,2022-08-01,2026-02-15,0,0.0,0.0,0.0,0.0,0.0,0.0,0.0,-0.0,-0.0,0.0,0,0,55,55,0.0,10000.0,10000.0,no_trades,,14.12,2026-02-24T20:15:07.065656
37106,BTC,wma_cross_up,"{""window_fast"": 22, ""window_slow"": 100}",stoch_oversold,"{""window"": 7, ""smooth_window"": 8, ""threshold"": 24}",1d,2022-08-01,2026-02-15,1,0.0,-9.1592,-2.5761,0.0,1.3801,-6.6364,0.0,-8.966,-0.025733,-0.025094,0,1,55,55,-138.01,10000.0,9861.98504392,ok,,14.15,2026-02-24T20:15:21.186127
37107,BTC,wma_cross_up,"{""window_fast"": 22, ""window_slow"": 100}",stoch_oversold,"{""window"": 10, ""smooth_window"": 1, ""threshold"": 24}",1d,2022-08-01,2026-02-15,0,0.0,0.0,0.0,0.0,0.0,0.0,0.0,-0.0,-0.0,0.0,0,0,55,55,0.0,10000.0,10000.0,no_trades,,11.16,2026-02-24T20:15:35.332730
37108,BTC,wma_cross_up,"{""window_fast"": 22, ""window_slow"": 100}",stoch_oversold,"{""window"": 36, ""smooth_window"": 3, ""threshold"": 21}",1d,2022-08-01,2026-02-15,0,0.0,0.0,0.0,0.0,0.0,0.0,0.0,-0.0,-0.0,0.0,0,0,55,55,0.0,10000.0,10000.0,no_trades,,13.63,2026-02-24T20:15:46.495227
37109,BTC,wma_cross_up,"{""window_fast"": 22, ""window_slow"": 100}",stoch_oversold,"{""window"": 43, ""smooth_window"": 2, ""threshold"": 19}",1d,2022-08-01,2026-02-15,0,0.0,0.0,0.0,0.0,0.0,0.0,0.0,-0.0,-0.0,0.0,0,0,55,55,0.0,10000.0,10000.0,no_trades,,14.28,2026-02-24T20:16:00.127994
37110,BTC,wma_cross_up,"{""window_fast"": 22, ""window_slow"": 100}",stochrsi_overbought,"{""window"": 14, ""smooth1"": 3, ""smooth2"": 3, ""threshold"": 0.8}",1d,2022-08-01,2026-02-15,7,0.5714,32.2512,2.6374,2.5763,1.7868,18.0501,2.3145,37.8163,0.087916,0.08831,2,1,15,55,485.98,10000.0,10485.97637428355,ok,,14.59,2026-02-24T20:16:14.403153
37111,BTC,wma_cross_up,"{""window_fast"": 22, ""window_slow"": 100}",stochrsi_overbought,"{""window"": 6, ""smooth1"": 4, ""smooth2"": 8, ""threshold"": 0.9789}",1d,2022-08-01,2026-02-15,3,0.6667,15.6399,1.7741,0.0,1.7868,8.7532,2.2656,17.0519,0.043146,0.043428,2,1,34,55,235.67,10000.0,10235.670204652051,ok,,13.26,2026-02-24T20:16:28.997090
37112,BTC,wma_cross_up,"{""window_fast"": 22, ""window_slow"": 100}",stochrsi_overbought,"{""window"": 14, ""smooth1"": 9, ""smooth2"": 4, ""threshold"": 0.8}",1d,2022-08-01,2026-02-15,7,0.5714,32.2512,2.6374,2.5763,1.7868,18.0501,2.3145,37.8163,0.087916,0.08831,2,1,15,55,485.98,10000.0,10485.97637428355,ok,,15.62,2026-02-24T20:16:42.258506
37113,BTC,wma_cross_up,"{""window_fast"": 22, ""window_slow"": 100}",stochrsi_overbought,"{""window"": 22, ""smooth1"": 3, ""smooth2"": 5, ""threshold"": 0.9579}",1d,2022-08-01,2026-02-15,6,0.6667,41.0474,3.4597,2.3014,1.7868,22.9731,3.5499,50.0286,0.1112,0.111006,3,1,15,55,618.52,10000.0,10618.5225654688,ok,,14.12,2026-02-24T20:16:57.875058
37114,BTC,wma_cross_up,"{""window_fast"": 22, ""window_slow"": 100}",stochrsi_overbought,"{""window"": 30, ""smooth1"": 1, ""smooth2"": 2, ""threshold"": 0.7053}",1d,2022-08-01,2026-02-15,10,0.4,14.3985,0.8979,0.8265,4.6288,3.1106,1.2604,15.6136,0.039757,0.043144,2,3,23,55,216.96,10000.0,10216.963567271101,ok,,13.25,2026-02-24T20:17:11.993720
37115,BTC,wma_cross_up,"{""window_fast"": 22, ""window_slow"": 100}",stochrsi_oversold,"{""window"": 14, ""smooth1"": 3, ""smooth2"": 3, ""threshold"": 0.2}",1d,2022-08-01,2026-02-15,0,0.0,0.0,0.0,0.0,0.0,0.0,0.0,-0.0,-0.0,0.0,0,0,55,55,0.0,10000.0,10000.0,no_trades,,14.29,2026-02-24T20:17:25.240006
37116,BTC,wma_cross_up,"{""window_fast"": 22, ""window_slow"": 100}",stochrsi_oversold,"{""window"": 18, ""smooth1"": 3, ""smooth2"": 6, ""threshold"": 0.2316}",1d,2022-08-01,2026-02-15,0,0.0,0.0,0.0,0.0,0.0,0.0,0.0,-0.0,-0.0,0.0,0,0,55,55,0.0,10000.0,10000.0,no_trades,,14.09,2026-02-24T20:17:39.533772
37117,BTC,wma_cross_up,"{""window_fast"": 22, ""window_slow"": 100}",stochrsi_oversold,"{""window"": 21, ""smooth1"": 1, ""smooth2"": 3, ""threshold"": 0.0842}",1d,2022-08-01,2026-02-15,0,0.0,0.0,0.0,0.0,0.0,0.0,0.0,-0.0,-0.0,0.0,0,0,55,55,0.0,10000.0,10000.0,no_trades,,14.83,2026-02-24T20:17:53.625552
37118,BTC,wma_cross_up,"{""window_fast"": 22, ""window_slow"": 100}",stochrsi_oversold,"{""window"": 22, ""smooth1"": 2, ""smooth2"": 4, ""threshold"": 0.2947}",1d,2022-08-01,2026-02-15,0,0.0,0.0,0.0,0.0,0.0,0.0,0.0,-0.0,-0.0,0.0,0,0,55,55,0.0,10000.0,10000.0,no_trades,,16.39,2026-02-24T20:18:08.445692
37119,BTC,wma_cross_up,"{""window_fast"": 22, ""window_slow"": 100}",stochrsi_oversold,"{""window"": 30, ""smooth1"": 4, ""smooth2"": 7, ""threshold"": 0.3368}",1d,2022-08-01,2026-02-15,0,0.0,0.0,0.0,0.0,0.0,0.0,0.0,-0.0,-0.0,0.0,0,0,55,55,0.0,10000.0,10000.0,no_trades,,14.5,2026-02-24T20:18:24.837806
37120,BTC,wma_cross_up,"{""window_fast"": 22, ""window_slow"": 100}",trix_bearish,"{""window"": 15, ""threshold"": 0.0}",1d,2022-08-01,2026-02-15,1,1.0,13.9837,2.5761,0.0,0.0,0.0,999999999999.99,15.1364,0.038623,0.038312,1,0,30,55,210.71,10000.0,10210.714007120001,ok,,11.91,2026-02-24T20:18:39.342419
37121,BTC,wma_cross_up,"{""window_fast"": 22, ""window_slow"": 100}",trix_bearish,"{""window"": 14, ""threshold"": 73.6842}",1d,2022-08-01,2026-02-15,12,0.4167,19.1306,1.0996,1.2021,4.6288,4.133,1.2954,21.1783,0.052642,0.056362,2,3,18,55,288.27,10000.0,10288.2686815614,ok,,15.11,2026-02-24T20:18:51.256723
37122,BTC,wma_cross_up,"{""window_fast"": 22, ""window_slow"": 100}",trix_bearish,"{""window"": 23, ""threshold"": 73.6842}",1d,2022-08-01,2026-02-15,12,0.4167,19.1306,1.0996,1.2021,4.6288,4.133,1.2954,21.1783,0.052642,0.056362,2,3,18,55,288.27,10000.0,10288.2686815614,ok,,12.8,2026-02-24T20:19:06.366923
37123,BTC,wma_cross_up,"{""window_fast"": 22, ""window_slow"": 100}",trix_bearish,"{""window"": 25, ""threshold"": 31.5789}",1d,2022-08-01,2026-02-15,12,0.4167,19.1306,1.0996,1.2021,4.6288,4.133,1.2954,21.1783,0.052642,0.056362,2,3,18,55,288.27,10000.0,10288.2686815614,ok,,12.19,2026-02-24T20:19:19.166516
37124,BTC,wma_cross_up,"{""window_fast"": 22, ""window_slow"": 100}",trix_bearish,"{""window"": 30, ""threshold"": 68.4211}",1d,2022-08-01,2026-02-15,12,0.4167,19.1306,1.0996,1.2021,4.6288,4.133,1.2954,21.1783,0.052642,0.056362,2,3,18,55,288.27,10000.0,10288.2686815614,ok,,16.58,2026-02-24T20:19:31.361317
37125,BTC,wma_cross_up,"{""window_fast"": 22, ""window_slow"": 100}",trix_bullish,"{""window"": 15, ""threshold"": 0.0}",1d,2022-08-01,2026-02-15,11,0.3636,5.0406,0.3677,0.385,4.6288,1.089,1.0791,5.2476,0.014013,0.018051,2,3,23,55,75.95,10000.0,10075.95428939765,ok,,15.22,2026-02-24T20:19:47.942001
37126,BTC,wma_cross_up,"{""window_fast"": 22, ""window_slow"": 100}",trix_bullish,"{""window"": 13, ""threshold"": 10.5263}",1d,2022-08-01,2026-02-15,0,0.0,0.0,0.0,0.0,0.0,0.0,0.0,-0.0,-0.0,0.0,0,0,55,55,0.0,10000.0,10000.0,no_trades,,10.0,2026-02-24T20:20:03.159656
37127,BTC,wma_cross_up,"{""window_fast"": 22, ""window_slow"": 100}",trix_bullish,"{""window"": 13, ""threshold"": 36.8421}",1d,2022-08-01,2026-02-15,0,0.0,0.0,0.0,0.0,0.0,0.0,0.0,-0.0,-0.0,0.0,0,0,55,55,0.0,10000.0,10000.0,no_trades,,9.61,2026-02-24T20:20:13.158385
37128,BTC,wma_cross_up,"{""window_fast"": 22, ""window_slow"": 100}",trix_bullish,"{""window"": 14, ""threshold"": 21.0526}",1d,2022-08-01,2026-02-15,0,0.0,0.0,0.0,0.0,0.0,0.0,0.0,-0.0,-0.0,0.0,0,0,55,55,0.0,10000.0,10000.0,no_trades,,9.59,2026-02-24T20:20:22.767161
37129,BTC,wma_cross_up,"{""window_fast"": 22, ""window_slow"": 100}",trix_bullish,"{""window"": 16, ""threshold"": 15.7895}",1d,2022-08-01,2026-02-15,0,0.0,0.0,0.0,0.0,0.0,0.0,0.0,-0.0,-0.0,0.0,0,0,55,55,0.0,10000.0,10000.0,no_trades,,9.52,2026-02-24T20:20:32.359766
37130,BTC,wma_cross_up,"{""window_fast"": 22, ""window_slow"": 100}",tsi_bearish,"{""window_slow"": 25, ""window_fast"": 13, ""threshold"": 0}",1d,2022-08-01,2026-02-15,1,1.0,13.9837,2.5761,0.0,0.0,0.0,999999999999.99,15.1364,0.038623,0.038312,1,0,30,55,210.71,10000.0,10210.714007120001,ok,,13.71,2026-02-24T20:20:41.881032
37131,BTC,wma_cross_up,"{""window_fast"": 22, ""window_slow"": 100}",tsi_bearish,"{""window_slow"": 10, ""window_fast"": 8, ""threshold"": 39}",1d,2022-08-01,2026-02-15,7,0.2857,-9.2088,-0.5142,-0.4582,5.8428,-1.5761,0.815,-9.0127,-0.025873,-0.022109,2,4,30,55,-138.76,10000.0,9861.236840728601,ok,,14.97,2026-02-24T20:20:55.586460
37132,BTC,wma_cross_up,"{""window_fast"": 22, ""window_slow"": 100}",tsi_bearish,"{""window_slow"": 18, ""window_fast"": 12, ""threshold"": -29}",1d,2022-08-01,2026-02-15,0,0.0,0.0,0.0,0.0,0.0,0.0,0.0,-0.0,-0.0,0.0,0,0,55,55,0.0,10000.0,10000.0,no_trades,,14.42,2026-02-24T20:21:10.553772
37133,BTC,wma_cross_up,"{""window_fast"": 22, ""window_slow"": 100}",tsi_bearish,"{""window_slow"": 21, ""window_fast"": 9, ""threshold"": -13}",1d,2022-08-01,2026-02-15,0,0.0,0.0,0.0,0.0,0.0,0.0,0.0,-0.0,-0.0,0.0,0,0,55,55,0.0,10000.0,10000.0,no_trades,,10.26,2026-02-24T20:21:24.972533
37134,BTC,wma_cross_up,"{""window_fast"": 22, ""window_slow"": 100}",tsi_bearish,"{""window_slow"": 29, ""window_fast"": 23, ""threshold"": 24}",1d,2022-08-01,2026-02-15,12,0.4167,19.1306,1.0996,1.2021,4.6288,4.133,1.2954,21.1783,0.052642,0.056362,2,3,18,55,288.27,10000.0,10288.2686815614,ok,,9.93,2026-02-24T20:21:35.228795
37135,BTC,wma_cross_up,"{""window_fast"": 22, ""window_slow"": 100}",tsi_bullish,"{""window_slow"": 25, ""window_fast"": 13, ""threshold"": 0}",1d,2022-08-01,2026-02-15,11,0.3636,5.0406,0.3677,0.385,4.6288,1.089,1.0791,5.2476,0.014013,0.018051,2,3,23,55,75.95,10000.0,10075.95428939765,ok,,10.1,2026-02-24T20:21:45.160298
37136,BTC,wma_cross_up,"{""window_fast"": 22, ""window_slow"": 100}",tsi_bullish,"{""window_slow"": 21, ""window_fast"": 10, ""threshold"": -13}",1d,2022-08-01,2026-02-15,12,0.4167,19.1306,1.0996,1.2021,4.6288,4.133,1.2954,21.1783,0.052642,0.056362,2,3,18,55,288.27,10000.0,10288.2686815614,ok,,10.13,2026-02-24T20:21:55.255564
37137,BTC,wma_cross_up,"{""window_fast"": 22, ""window_slow"": 100}",tsi_bullish,"{""window_slow"": 23, ""window_fast"": 6, ""threshold"": 13}",1d,2022-08-01,2026-02-15,11,0.3636,5.0406,0.3677,0.385,4.6288,1.089,1.0791,5.2476,0.014013,0.018051,2,3,23,55,75.95,10000.0,10075.95428939765,ok,,11.95,2026-02-24T20:22:05.381841
37138,BTC,wma_cross_up,"{""window_fast"": 22, ""window_slow"": 100}",tsi_bullish,"{""window_slow"": 25, ""window_fast"": 16, ""threshold"": -45}",1d,2022-08-01,2026-02-15,12,0.4167,19.1306,1.0996,1.2021,4.6288,4.133,1.2954,21.1783,0.052642,0.056362,2,3,18,55,288.27,10000.0,10288.2686815614,ok,,13.76,2026-02-24T20:22:17.326962
37139,BTC,wma_cross_up,"{""window_fast"": 22, ""window_slow"": 100}",tsi_bullish,"{""window_slow"": 27, ""window_fast"": 12, ""threshold"": 39}",1d,2022-08-01,2026-02-15,0,0.0,0.0,0.0,0.0,0.0,0.0,0.0,-0.0,-0.0,0.0,0,0,55,55,0.0,10000.0,10000.0,no_trades,,13.73,2026-02-24T20:22:31.087923
37140,BTC,wma_cross_up,"{""window_fast"": 22, ""window_slow"": 100}",ulcer_high_risk,"{""window"": 14, ""threshold"": 10}",1d,2022-08-01,2026-02-15,0,0.0,0.0,0.0,0.0,0.0,0.0,0.0,-0.0,-0.0,0.0,0,0,55,55,0.0,10000.0,10000.0,no_trades,,12.47,2026-02-24T20:22:44.813714
37141,BTC,wma_cross_up,"{""window_fast"": 22, ""window_slow"": 100}",ulcer_high_risk,"{""window"": 7, ""threshold"": 6}",1d,2022-08-01,2026-02-15,0,0.0,0.0,0.0,0.0,0.0,0.0,0.0,-0.0,-0.0,0.0,0,0,55,55,0.0,10000.0,10000.0,no_trades,,14.5,2026-02-24T20:22:57.282354
37142,BTC,wma_cross_up,"{""window_fast"": 22, ""window_slow"": 100}",ulcer_high_risk,"{""window"": 26, ""threshold"": 27}",1d,2022-08-01,2026-02-15,0,0.0,0.0,0.0,0.0,0.0,0.0,0.0,-0.0,-0.0,0.0,0,0,55,55,0.0,10000.0,10000.0,no_trades,,13.89,2026-02-24T20:23:11.777783
37143,BTC,wma_cross_up,"{""window_fast"": 22, ""window_slow"": 100}",ulcer_high_risk,"{""window"": 33, ""threshold"": 9}",1d,2022-08-01,2026-02-15,5,0.4,0.04,0.0524,0.2213,2.7233,0.0147,1.0015,0.0407,0.000112,0.001423,1,2,30,55,0.6,10000.0,10000.602316998698,ok,,13.58,2026-02-24T20:23:25.666582
37144,BTC,wma_cross_up,"{""window_fast"": 22, ""window_slow"": 100}",ulcer_high_risk,"{""window"": 36, ""threshold"": 21}",1d,2022-08-01,2026-02-15,0,0.0,0.0,0.0,0.0,0.0,0.0,0.0,-0.0,-0.0,0.0,0,0,55,55,0.0,10000.0,10000.0,no_trades,,15.71,2026-02-24T20:23:39.242246
37145,BTC,wma_cross_up,"{""window_fast"": 22, ""window_slow"": 100}",ulcer_low_risk,"{""window"": 14, ""threshold"": 5}",1d,2022-08-01,2026-02-15,11,0.3636,5.0406,0.3677,0.385,4.6288,1.089,1.0791,5.2476,0.014013,0.018051,2,3,23,55,75.95,10000.0,10075.95428939765,ok,,15.72,2026-02-24T20:23:54.948658
37146,BTC,wma_cross_up,"{""window_fast"": 22, ""window_slow"": 100}",ulcer_low_risk,"{""window"": 12, ""threshold"": 10}",1d,2022-08-01,2026-02-15,12,0.4167,19.1306,1.0996,1.2021,4.6288,4.133,1.2954,21.1783,0.052642,0.056362,2,3,18,55,288.27,10000.0,10288.2686815614,ok,,14.11,2026-02-24T20:24:10.665713
37147,BTC,wma_cross_up,"{""window_fast"": 22, ""window_slow"": 100}",ulcer_low_risk,"{""window"": 22, ""threshold"": 3}",1d,2022-08-01,2026-02-15,1,1.0,26.584,2.5761,0.0,0.0,0.0,999999999999.99,30.4058,0.072761,0.072833,1,0,35,55,400.58,10000.0,10400.5810363604,ok,,15.49,2026-02-24T20:24:24.776243
37148,BTC,wma_cross_up,"{""window_fast"": 22, ""window_slow"": 100}",ulcer_low_risk,"{""window"": 38, ""threshold"": 15}",1d,2022-08-01,2026-02-15,12,0.4167,19.1306,1.0996,1.2021,4.6288,4.133,1.2954,21.1783,0.052642,0.056362,2,3,18,55,288.27,10000.0,10288.2686815614,ok,,15.17,2026-02-24T20:24:40.264770
37149,BTC,wma_cross_up,"{""window_fast"": 22, ""window_slow"": 100}",ulcer_low_risk,"{""window"": 45, ""threshold"": 10}",1d,2022-08-01,2026-02-15,3,0.3333,-7.7469,-0.7321,0.0,3.2069,-2.4157,0.6435,-7.6299,-0.021742,-0.019996,1,2,30,55,-116.73,10000.0,9883.266598989101,ok,,12.85,2026-02-24T20:24:55.432247
37150,BTC,wma_cross_up,"{""window_fast"": 22, ""window_slow"": 100}",uo_overbought,"{""window_short"": 7, ""window_medium"": 14, ""window_long"": 28, ""threshold"": 70}",1d,2022-08-01,2026-02-15,3,0.6667,15.6399,1.7741,0.0,1.7868,8.7532,2.2656,17.0519,0.043146,0.043428,2,1,34,55,235.67,10000.0,10235.670204652051,ok,,14.15,2026-02-24T20:25:08.285484
37151,BTC,wma_cross_up,"{""window_fast"": 22, ""window_slow"": 100}",uo_overbought,"{""window_short"": 10, ""window_medium"": 8, ""window_long"": 27, ""threshold"": 82}",1d,2022-08-01,2026-02-15,0,0.0,0.0,0.0,0.0,0.0,0.0,0.0,-0.0,-0.0,0.0,0,0,55,55,0.0,10000.0,10000.0,no_trades,,14.32,2026-02-24T20:25:22.433888
37152,BTC,wma_cross_up,"{""window_fast"": 22, ""window_slow"": 100}",uo_overbought,"{""window_short"": 3, ""window_medium"": 29, ""window_long"": 41, ""threshold"": 82}",1d,2022-08-01,2026-02-15,0,0.0,0.0,0.0,0.0,0.0,0.0,0.0,-0.0,-0.0,0.0,0,0,55,55,0.0,10000.0,10000.0,no_trades,,12.91,2026-02-24T20:25:36.755960
37153,BTC,wma_cross_up,"{""window_fast"": 22, ""window_slow"": 100}",uo_overbought,"{""window_short"": 16, ""window_medium"": 11, ""window_long"": 42, ""threshold"": 66}",1d,2022-08-01,2026-02-15,1,1.0,14.1808,2.5761,0.0,0.0,0.0,999999999999.99,15.3629,0.039162,0.038852,1,0,46,55,213.68,10000.0,10213.6834058398,ok,,13.02,2026-02-24T20:25:49.665254
37154,BTC,wma_cross_up,"{""window_fast"": 22, ""window_slow"": 100}",uo_overbought,"{""window_short"": 5, ""window_medium"": 7, ""window_long"": 20, ""threshold"": 63}",1d,2022-08-01,2026-02-15,5,0.4,2.4252,0.2943,0.2229,3.2295,0.7509,1.0951,2.4962,0.006755,0.007927,1,2,34,55,36.54,10000.0,10036.5434408231,ok,,11.32,2026-02-24T20:26:02.684702
37155,BTC,wma_cross_up,"{""window_fast"": 22, ""window_slow"": 100}",uo_oversold,"{""window_short"": 7, ""window_medium"": 14, ""window_long"": 28, ""threshold"": 30}",1d,2022-08-01,2026-02-15,0,0.0,0.0,0.0,0.0,0.0,0.0,0.0,-0.0,-0.0,0.0,0,0,55,55,0.0,10000.0,10000.0,no_trades,,15.68,2026-02-24T20:26:14.002207
37156,BTC,wma_cross_up,"{""window_fast"": 22, ""window_slow"": 100}",uo_oversold,"{""window_short"": 18, ""window_medium"": 8, ""window_long"": 37, ""threshold"": 12}",1d,2022-08-01,2026-02-15,0,0.0,0.0,0.0,0.0,0.0,0.0,0.0,-0.0,-0.0,0.0,0,0,55,55,0.0,10000.0,10000.0,no_trades,,14.48,2026-02-24T20:26:29.685108
37157,BTC,wma_cross_up,"{""window_fast"": 22, ""window_slow"": 100}",uo_oversold,"{""window_short"": 20, ""window_medium"": 20, ""window_long"": 31, ""threshold"": 12}",1d,2022-08-01,2026-02-15,0,0.0,0.0,0.0,0.0,0.0,0.0,0.0,-0.0,-0.0,0.0,0,0,55,55,0.0,10000.0,10000.0,no_trades,,15.86,2026-02-24T20:26:44.161439
37158,BTC,wma_cross_up,"{""window_fast"": 22, ""window_slow"": 100}",uo_oversold,"{""window_short"": 18, ""window_medium"": 17, ""window_long"": 18, ""threshold"": 31}",1d,2022-08-01,2026-02-15,0,0.0,0.0,0.0,0.0,0.0,0.0,0.0,-0.0,-0.0,0.0,0,0,55,55,0.0,10000.0,10000.0,no_trades,,13.31,2026-02-24T20:27:00.018197
37159,BTC,wma_cross_up,"{""window_fast"": 22, ""window_slow"": 100}",uo_oversold,"{""window_short"": 19, ""window_medium"": 7, ""window_long"": 22, ""threshold"": 30}",1d,2022-08-01,2026-02-15,0,0.0,0.0,0.0,0.0,0.0,0.0,0.0,-0.0,-0.0,0.0,0,0,55,55,0.0,10000.0,10000.0,no_trades,,12.61,2026-02-24T20:27:13.325042
37160,BTC,wma_cross_up,"{""window_fast"": 22, ""window_slow"": 100}",vortex_bearish,"{""window"": 14}",1d,2022-08-01,2026-02-15,0,0.0,0.0,0.0,0.0,0.0,0.0,0.0,-0.0,-0.0,0.0,0,0,55,55,0.0,10000.0,10000.0,no_trades,,14.27,2026-02-24T20:27:25.940020
37161,BTC,wma_cross_up,"{""window_fast"": 22, ""window_slow"": 100}",vortex_bearish,"{""window"": 5}",1d,2022-08-01,2026-02-15,1,0.0,-8.2839,-2.5761,0.0,1.2483,-6.6364,0.0,-8.1399,-0.023259,-0.022696,0,1,55,55,-124.83,10000.0,9875.1745824765,ok,,12.76,2026-02-24T20:27:40.213218
37162,BTC,wma_cross_up,"{""window_fast"": 22, ""window_slow"": 100}",vortex_bearish,"{""window"": 19}",1d,2022-08-01,2026-02-15,0,0.0,0.0,0.0,0.0,0.0,0.0,0.0,-0.0,-0.0,0.0,0,0,55,55,0.0,10000.0,10000.0,no_trades,,13.17,2026-02-24T20:27:52.976897
37163,BTC,wma_cross_up,"{""window_fast"": 22, ""window_slow"": 100}",vortex_bearish,"{""window"": 22}",1d,2022-08-01,2026-02-15,1,1.0,13.9837,2.5761,0.0,0.0,0.0,999999999999.99,15.1364,0.038623,0.038312,1,0,30,55,210.71,10000.0,10210.714007120001,ok,,11.63,2026-02-24T20:28:06.147141
37164,BTC,wma_cross_up,"{""window_fast"": 22, ""window_slow"": 100}",vortex_bearish,"{""window"": 30}",1d,2022-08-01,2026-02-15,2,1.0,28.1676,3.6774,0.0,0.0,0.0,999999999999.99,32.4415,0.077008,0.07637,2,0,24,55,424.44,10000.0,10424.4435114036,ok,,10.28,2026-02-24T20:28:17.778738
37165,BTC,wma_cross_up,"{""window_fast"": 22, ""window_slow"": 100}",vortex_bullish,"{""window"": 14}",1d,2022-08-01,2026-02-15,12,0.4167,19.1306,1.0996,1.2021,4.6288,4.133,1.2954,21.1783,0.052642,0.056362,2,3,18,55,288.27,10000.0,10288.2686815614,ok,,11.55,2026-02-24T20:28:28.058491
37166,BTC,wma_cross_up,"{""window_fast"": 22, ""window_slow"": 100}",vortex_bullish,"{""window"": 18}",1d,2022-08-01,2026-02-15,12,0.4167,19.1306,1.0996,1.2021,4.6288,4.133,1.2954,21.1783,0.052642,0.056362,2,3,18,55,288.27,10000.0,10288.2686815614,ok,,12.24,2026-02-24T20:28:39.604586
37167,BTC,wma_cross_up,"{""window_fast"": 22, ""window_slow"": 100}",vortex_bullish,"{""window"": 19}",1d,2022-08-01,2026-02-15,12,0.4167,19.1306,1.0996,1.2021,4.6288,4.133,1.2954,21.1783,0.052642,0.056362,2,3,18,55,288.27,10000.0,10288.2686815614,ok,,13.9,2026-02-24T20:28:51.840530
37168,BTC,wma_cross_up,"{""window_fast"": 22, ""window_slow"": 100}",vortex_bullish,"{""window"": 21}",1d,2022-08-01,2026-02-15,11,0.3636,5.0406,0.3677,0.385,4.6288,1.089,1.0791,5.2476,0.014013,0.018051,2,3,23,55,75.95,10000.0,10075.95428939765,ok,,13.92,2026-02-24T20:29:05.743547
37169,BTC,wma_cross_up,"{""window_fast"": 22, ""window_slow"": 100}",vortex_bullish,"{""window"": 25}",1d,2022-08-01,2026-02-15,11,0.3636,5.0406,0.3677,0.385,4.6288,1.089,1.0791,5.2476,0.014013,0.018051,2,3,23,55,75.95,10000.0,10075.95428939765,ok,,12.19,2026-02-24T20:29:19.661277
37170,BTC,wma_cross_up,"{""window_fast"": 22, ""window_slow"": 100}",vpt_bearish,"{""lookback"": 20}",1d,2022-08-01,2026-02-15,0,0.0,0.0,0.0,0.0,0.0,0.0,0.0,-0.0,-0.0,0.0,0,0,55,55,0.0,10000.0,10000.0,no_trades,,9.77,2026-02-24T20:29:31.853014
37171,BTC,wma_cross_up,"{""window_fast"": 22, ""window_slow"": 100}",vpt_bearish,"{""lookback"": 22}",1d,2022-08-01,2026-02-15,1,1.0,13.9837,2.5761,0.0,0.0,0.0,999999999999.99,15.1364,0.038623,0.038312,1,0,30,55,210.71,10000.0,10210.714007120001,ok,,9.8,2026-02-24T20:29:41.625699
37172,BTC,wma_cross_up,"{""window_fast"": 22, ""window_slow"": 100}",vpt_bearish,"{""lookback"": 26}",1d,2022-08-01,2026-02-15,1,1.0,13.9837,2.5761,0.0,0.0,0.0,999999999999.99,15.1364,0.038623,0.038312,1,0,30,55,210.71,10000.0,10210.714007120001,ok,,9.82,2026-02-24T20:29:51.424318
37173,BTC,wma_cross_up,"{""window_fast"": 22, ""window_slow"": 100}",vpt_bearish,"{""lookback"": 41}",1d,2022-08-01,2026-02-15,4,0.5,21.9352,1.7539,6.7478,2.7233,8.0547,2.1429,24.583,0.060238,0.061291,2,2,30,55,330.53,10000.0,10330.5310530172,ok,,9.88,2026-02-24T20:30:01.247376
37174,BTC,wma_cross_up,"{""window_fast"": 22, ""window_slow"": 100}",vpt_bearish,"{""lookback"": 45}",1d,2022-08-01,2026-02-15,3,0.3333,-4.4697,-0.5651,-1.2706,2.7233,-1.6413,0.7578,-4.4651,-0.012514,-0.011541,1,2,30,55,-67.35,10000.0,9932.648112520701,ok,,9.81,2026-02-24T20:30:11.124403
37175,BTC,wma_cross_up,"{""window_fast"": 22, ""window_slow"": 100}",vpt_bullish,"{""lookback"": 20}",1d,2022-08-01,2026-02-15,12,0.4167,19.1306,1.0996,1.2021,4.6288,4.133,1.2954,21.1783,0.052642,0.056362,2,3,18,55,288.27,10000.0,10288.2686815614,ok,,9.8,2026-02-24T20:30:20.935508
37176,BTC,wma_cross_up,"{""window_fast"": 22, ""window_slow"": 100}",vpt_bullish,"{""lookback"": 10}",1d,2022-08-01,2026-02-15,12,0.4167,19.1306,1.0996,1.2021,4.6288,4.133,1.2954,21.1783,0.052642,0.056362,2,3,18,55,288.27,10000.0,10288.2686815614,ok,,9.92,2026-02-24T20:30:30.737270
37177,BTC,wma_cross_up,"{""window_fast"": 22, ""window_slow"": 100}",vpt_bullish,"{""lookback"": 29}",1d,2022-08-01,2026-02-15,11,0.3636,5.0406,0.3677,0.385,4.6288,1.089,1.0791,5.2476,0.014013,0.018051,2,3,23,55,75.95,10000.0,10075.95428939765,ok,,9.71,2026-02-24T20:30:40.657651
37178,BTC,wma_cross_up,"{""window_fast"": 22, ""window_slow"": 100}",vpt_bullish,"{""lookback"": 36}",1d,2022-08-01,2026-02-15,11,0.3636,5.0406,0.3677,0.385,4.6288,1.089,1.0791,5.2476,0.014013,0.018051,2,3,23,55,75.95,10000.0,10075.95428939765,ok,,9.7,2026-02-24T20:30:50.370902
37179,BTC,wma_cross_up,"{""window_fast"": 22, ""window_slow"": 100}",vpt_bullish,"{""lookback"": 50}",1d,2022-08-01,2026-02-15,11,0.4545,27.761,1.5688,1.5286,4.6288,5.9975,1.4913,31.9162,0.075918,0.079058,2,3,11,55,418.32,10000.0,10418.315722536252,ok,,9.65,2026-02-24T20:31:00.070759
37180,BTC,wma_cross_up,"{""window_fast"": 22, ""window_slow"": 100}",vwap_above,"{""window"": 14}",1d,2022-08-01,2026-02-15,12,0.4167,19.1306,1.0996,1.2021,4.6288,4.133,1.2954,21.1783,0.052642,0.056362,2,3,18,55,288.27,10000.0,10288.2686815614,ok,,14.4,2026-02-24T20:31:09.722081
37181,BTC,wma_cross_up,"{""window_fast"": 22, ""window_slow"": 100}",vwap_above,"{""window"": 7}",1d,2022-08-01,2026-02-15,10,0.5,38.8433,2.3149,4.1572,3.2295,12.0277,1.8402,46.8852,0.105393,0.107277,2,2,18,55,585.31,10000.0,10585.310194644202,ok,,13.86,2026-02-24T20:31:24.121267
37182,BTC,wma_cross_up,"{""window_fast"": 22, ""window_slow"": 100}",vwap_above,"{""window"": 24}",1d,2022-08-01,2026-02-15,12,0.4167,19.1306,1.0996,1.2021,4.6288,4.133,1.2954,21.1783,0.052642,0.056362,2,3,18,55,288.27,10000.0,10288.2686815614,ok,,14.6,2026-02-24T20:31:37.977674
37183,BTC,wma_cross_up,"{""window_fast"": 22, ""window_slow"": 100}",vwap_above,"{""window"": 31}",1d,2022-08-01,2026-02-15,11,0.3636,5.0406,0.3677,0.385,4.6288,1.089,1.0791,5.2476,0.014013,0.018051,2,3,23,55,75.95,10000.0,10075.95428939765,ok,,12.77,2026-02-24T20:31:52.572945
37184,BTC,wma_cross_up,"{""window_fast"": 22, ""window_slow"": 100}",vwap_above,"{""window"": 38}",1d,2022-08-01,2026-02-15,11,0.3636,5.0406,0.3677,0.385,4.6288,1.089,1.0791,5.2476,0.014013,0.018051,2,3,23,55,75.95,10000.0,10075.95428939765,ok,,11.65,2026-02-24T20:32:05.346720
37185,BTC,wma_cross_up,"{""window_fast"": 22, ""window_slow"": 100}",vwap_below,"{""window"": 14}",1d,2022-08-01,2026-02-15,0,0.0,0.0,0.0,0.0,0.0,0.0,0.0,-0.0,-0.0,0.0,0,0,55,55,0.0,10000.0,10000.0,no_trades,,11.72,2026-02-24T20:32:16.992457
37186,BTC,wma_cross_up,"{""window_fast"": 22, ""window_slow"": 100}",vwap_below,"{""window"": 5}",1d,2022-08-01,2026-02-15,3,0.0,-28.2571,-4.5444,-26.3255,4.2579,-6.6364,0.0,-25.4806,-0.080546,-0.078542,0,3,55,55,-425.79,10000.0,9574.208131361149,ok,,11.85,2026-02-24T20:32:28.715139
37187,BTC,wma_cross_up,"{""window_fast"": 22, ""window_slow"": 100}",vwap_below,"{""window"": 19}",1d,2022-08-01,2026-02-15,0,0.0,0.0,0.0,0.0,0.0,0.0,0.0,-0.0,-0.0,0.0,0,0,55,55,0.0,10000.0,10000.0,no_trades,,12.42,2026-02-24T20:32:40.563379
37188,BTC,wma_cross_up,"{""window_fast"": 22, ""window_slow"": 100}",vwap_below,"{""window"": 38}",1d,2022-08-01,2026-02-15,1,1.0,13.9837,2.5761,0.0,0.0,0.0,999999999999.99,15.1364,0.038623,0.038312,1,0,30,55,210.71,10000.0,10210.714007120001,ok,,13.05,2026-02-24T20:32:52.984189
37189,BTC,wma_cross_up,"{""window_fast"": 22, ""window_slow"": 100}",vwap_below,"{""window"": 48}",1d,2022-08-01,2026-02-15,0,0.0,0.0,0.0,0.0,0.0,0.0,0.0,-0.0,-0.0,0.0,0,0,55,55,0.0,10000.0,10000.0,no_trades,,12.99,2026-02-24T20:33:06.038678
37190,BTC,wma_cross_up,"{""window_fast"": 22, ""window_slow"": 100}",williams_r_overbought,"{""window"": 14, ""threshold"": -20}",1d,2022-08-01,2026-02-15,7,0.5714,32.2512,2.6374,2.5763,1.7868,18.0501,2.3145,37.8163,0.087916,0.08831,2,1,15,55,485.98,10000.0,10485.97637428355,ok,,12.84,2026-02-24T20:33:19.023815
37191,BTC,wma_cross_up,"{""window_fast"": 22, ""window_slow"": 100}",williams_r_overbought,"{""window"": 17, ""threshold"": -27}",1d,2022-08-01,2026-02-15,11,0.4545,28.6856,1.6223,1.5603,4.6288,6.1972,1.5087,33.1133,0.078395,0.081456,2,3,18,55,432.25,10000.0,10432.249371474849,ok,,14.32,2026-02-24T20:33:31.859773
37192,BTC,wma_cross_up,"{""window_fast"": 22, ""window_slow"": 100}",williams_r_overbought,"{""window"": 31, ""threshold"": -17}",1d,2022-08-01,2026-02-15,6,0.5,17.8904,1.6568,1.4586,1.7868,10.0128,1.7425,19.6983,0.049274,0.049999,2,2,26,55,269.58,10000.0,10269.581829147352,ok,,11.06,2026-02-24T20:33:46.175006
37193,BTC,wma_cross_up,"{""window_fast"": 22, ""window_slow"": 100}",williams_r_overbought,"{""window"": 36, ""threshold"": -16}",1d,2022-08-01,2026-02-15,6,0.5,17.8904,1.6568,1.4586,1.7868,10.0128,1.7425,19.6983,0.049274,0.049999,2,2,26,55,269.58,10000.0,10269.581829147352,ok,,13.74,2026-02-24T20:33:57.234567
37194,BTC,wma_cross_up,"{""window_fast"": 22, ""window_slow"": 100}",williams_r_overbought,"{""window"": 43, ""threshold"": -13}",1d,2022-08-01,2026-02-15,4,0.5,7.1608,0.7937,1.0402,1.7868,4.0077,1.3465,7.524,0.019877,0.020732,1,1,34,55,107.9,10000.0,10107.9030854929,ok,,14.65,2026-02-24T20:34:10.978995
37195,BTC,wma_cross_up,"{""window_fast"": 22, ""window_slow"": 100}",williams_r_oversold,"{""window"": 14, ""threshold"": -80}",1d,2022-08-01,2026-02-15,0,0.0,0.0,0.0,0.0,0.0,0.0,0.0,-0.0,-0.0,0.0,0,0,55,55,0.0,10000.0,10000.0,no_trades,,13.02,2026-02-24T20:34:25.625111
37196,BTC,wma_cross_up,"{""window_fast"": 22, ""window_slow"": 100}",williams_r_oversold,"{""window"": 10, ""threshold"": -89}",1d,2022-08-01,2026-02-15,0,0.0,0.0,0.0,0.0,0.0,0.0,0.0,-0.0,-0.0,0.0,0,0,55,55,0.0,10000.0,10000.0,no_trades,,12.37,2026-02-24T20:34:38.647080
37197,BTC,wma_cross_up,"{""window_fast"": 22, ""window_slow"": 100}",williams_r_oversold,"{""window"": 10, ""threshold"": -73}",1d,2022-08-01,2026-02-15,0,0.0,0.0,0.0,0.0,0.0,0.0,0.0,-0.0,-0.0,0.0,0,0,55,55,0.0,10000.0,10000.0,no_trades,,13.06,2026-02-24T20:34:51.016002
37198,BTC,wma_cross_up,"{""window_fast"": 22, ""window_slow"": 100}",williams_r_oversold,"{""window"": 22, ""threshold"": -81}",1d,2022-08-01,2026-02-15,0,0.0,0.0,0.0,0.0,0.0,0.0,0.0,-0.0,-0.0,0.0,0,0,55,55,0.0,10000.0,10000.0,no_trades,,13.53,2026-02-24T20:35:04.071797
37199,BTC,wma_cross_up,"{""window_fast"": 22, ""window_slow"": 100}",williams_r_oversold,"{""window"": 45, ""threshold"": -91}",1d,2022-08-01,2026-02-15,0,0.0,0.0,0.0,0.0,0.0,0.0,0.0,-0.0,-0.0,0.0,0,0,55,55,0.0,10000.0,10000.0,no_trades,,13.06,2026-02-24T20:35:17.601985
